"","year","state","overall","emergency_shelter","transitional_housing","unsheltered","pop"
"1","2020","AK",1949,1347,378,224,731158
"2","2020","AL",3351,1421,603,1299,4921532
"3","2020","AR",2366,912,181,1273,3030522
"4","2020","AZ",10979,3483,1914,5521,7421401
"5","2020","CA",161548,35966,11707,113660,39368078
"6","2020","CO",9846,4553,2330,2913,5807719
"7","2020","CT",2905,2141,430,325,3557006
"8","2020","DE",1165,739,276,150,986809
"9","2020","FL",27487,9899,4739,12672,21733312
"10","2020","GA",10234,3736,2342,4156,10710017
"11","2020","HI",6458,1696,1067,3650,1407006
"12","2020","IA",2647,1606,685,333,3163561
"13","2020","ID",2315,992,280,1043,1826913
"14","2020","IL",10431,5846,2239,2278,12587530
"15","2020","IN",5625,3496,1095,966,6754953
"16","2020","KS",2449,1307,660,482,2913805
"17","2020","KY",4011,2589,494,928,4477251
"18","2020","LA",3173,1355,591,1153,4645318
"19","2020","MA",17975,14823,1798,1294,6893574
"20","2020","MD",6360,3731,1346,1236,6055802
"21","2020","ME",2097,1000,941,141,1350141
"22","2020","MI",8638,5743,1791,1039,9966555
"23","2020","MN",7940,4036,1955,1949,5657342
"24","2020","MO",6527,3466,1389,1648,6151548
"25","2020","MS",1107,332,249,526,2966786
"26","2020","MT",1545,767,318,460,1080577
"27","2020","NC",9280,5112,1610,2558,10600823
"28","2020","ND",541,369,119,34,765309
"29","2020","NE",2404,1658,574,143,1937552
"30","2020","NH",1675,929,395,348,1366275
"31","2020","NJ",9662,6030,1841,1781,8882371
"32","2020","NM",3333,1703,371,1259,2106319
"33","2020","NV",6900,1873,811,4209,3138259
"34","2020","NY",91271,81342,5297,4557,19336776
"35","2020","OH",10655,7276,1454,1844,11693217
"36","2020","OK",3932,2107,555,1244,3980783
"37","2020","OR",14655,3874,1898,8877,4241507
"38","2020","PA",13375,8244,2958,1857,12783254
"39","2020","RI",1104,742,254,108,1057125
"40","2020","SC",4287,1827,741,1704,5218040
"41","2020","SD",1058,751,61,246,892717
"42","2020","TN",7256,3241,1226,2784,6886834
"43","2020","TX",27229,10727,3141,13212,29360759
"44","2020","UT",3131,2034,393,704,3249879
"45","2020","VA",5957,4269,668,968,8590563
"46","2020","VT",1110,896,100,114,623347
"47","2020","WA",22923,8533,3495,10814,7693612
"48","2020","WI",4515,3247,893,324,5832655
"49","2020","WV",1341,930,128,277,1784787
"50","2020","WY",612,349,140,123,582328
"51","2020","Total",580466,279916,72484,226080,329484123
"52","2019","AK",1907,1218,416,273,733603
"53","2019","AL",3261,1503,538,1191,4907965
"54","2019","AR",2717,950,352,1415,3020985
"55","2019","AZ",10007,3437,1978,4532,7291843
"56","2019","CA",151278,30723,11853,108432,39437610
"57","2019","CO",9619,4818,2578,2188,5758486
"58","2019","CT",3033,2116,456,456,3566022
"59","2019","DE",921,606,220,95,976668
"60","2019","FL",28328,10465,5213,12476,21492056
"61","2019","GA",10443,4463,2100,3880,10628020
"62","2019","HI",6412,1587,1185,3640,1415615
"63","2019","IA",2315,1374,729,188,3159596
"64","2019","ID",2315,999,331,985,1789060
"65","2019","IL",10199,5892,2347,1889,12667017
"66","2019","IN",5471,3598,1188,642,6731010
"67","2019","KS",2381,1377,529,475,2912635
"68","2019","KY",4079,2778,522,779,4472345
"69","2019","LA",2941,1300,629,974,4658285
"70","2019","MA",18471,15631,1942,829,6894883
"71","2019","MD",6561,3643,1503,1348,6054954
"72","2019","ME",2106,1105,891,95,1345770
"73","2019","MI",8575,6040,1810,662,9984795
"74","2019","MN",7977,4277,2031,1653,5640053
"75","2019","MO",6179,3847,1318,976,6140475
"76","2019","MS",1184,415,283,486,2978227
"77","2019","MT",1357,755,257,345,1070123
"78","2019","NC",9314,5495,1551,2268,10501384
"79","2019","ND",557,391,124,12,763724
"80","2019","NE",2365,1534,698,110,1932571
"81","2019","NH",1396,822,420,149,1360783
"82","2019","NJ",8862,5534,1827,1482,8891258
"83","2019","NM",3241,1616,366,1259,2099634
"84","2019","NV",7169,2408,935,3807,3090771
"85","2019","NY",92091,82967,4978,4047,19463131
"86","2019","OH",10345,7382,1344,1507,11696507
"87","2019","OK",3944,2176,523,1237,3960676
"88","2019","OR",15876,3748,1979,10142,4216116
"89","2019","PA",13199,8053,3221,1630,12798883
"90","2019","RI",1055,743,241,71,1058158
"91","2019","SC",4172,1820,620,1717,5157702
"92","2019","SD",995,681,80,234,887127
"93","2019","TN",7467,3240,1618,2598,6830325
"94","2019","TX",25848,10950,3555,11222,28986794
"95","2019","UT",2798,1971,419,408,3203383
"96","2019","VA",5783,4179,711,859,8556642
"97","2019","VT",1089,841,134,114,624046
"98","2019","WA",21577,8378,3599,9557,7614024
"99","2019","WI",4538,3067,1123,295,5824581
"100","2019","WV",1397,1023,118,248,1795263
"101","2019","WY",548,264,159,125,580116
"102","2019","Total",567715,279327,75162,211293,328329953
"103","2018","AK",2016,1248,459,309,736624
"104","2018","AL",3434,1519,865,1010,4891628
"105","2018","AR",2712,933,516,1257,3012161
"106","2018","AZ",9865,3615,2144,4066,7164228
"107","2018","CA",129972,27475,12737,89543,39437463
"108","2018","CO",10857,4158,2348,4329,5697155
"109","2018","CT",3976,2879,516,581,3574561
"110","2018","DE",1082,702,282,93,966985
"111","2018","FL",31030,12089,5419,13393,21254926
"112","2018","GA",9499,3434,2466,3599,10519389
"113","2018","HI",6530,1528,1527,3475,1423102
"114","2018","IA",2749,1481,1004,241,3149900
"115","2018","ID",2012,954,335,723,1752074
"116","2018","IL",10643,6247,2381,1942,12724685
"117","2018","IN",5258,3370,1218,579,6698481
"118","2018","KS",2216,1300,555,357,2912748
"119","2018","KY",3688,2340,480,868,4464273
"120","2018","LA",3059,1163,795,1065,4664450
"121","2018","MA",20068,16855,2148,985,6885720
"122","2018","MD",7144,3603,1700,1764,6042153
"123","2018","ME",2516,1012,1391,98,1340123
"124","2018","MI",8351,5499,1881,899,9987286
"125","2018","MN",7243,3855,2251,1121,5608762
"126","2018","MO",5883,3262,1369,1214,6125986
"127","2018","MS",1352,404,327,621,2982879
"128","2018","MT",1405,793,239,373,1061818
"129","2018","NC",9268,5289,1529,2450,10391358
"130","2018","ND",542,339,155,48,760062
"131","2018","NE",2421,1736,541,144,1925512
"132","2018","NH",1450,812,476,154,1355064
"133","2018","NJ",9398,5805,1951,1623,8891730
"134","2018","NM",2551,1368,387,796,2093754
"135","2018","NV",7544,2183,921,4239,3030725
"136","2018","NY",91897,82370,5137,4294,19544098
"137","2018","OH",10249,7234,1608,1315,11680892
"138","2018","OK",3871,2077,586,1191,3943488
"139","2018","OR",14476,3757,1786,8925,4183538
"140","2018","PA",13512,7863,3625,1744,12809107
"141","2018","RI",1101,739,311,51,1059338
"142","2018","SC",3933,1997,577,1344,5091702
"143","2018","SD",1159,707,167,285,879386
"144","2018","TN",7883,3547,1470,2855,6778180
"145","2018","TX",25310,11307,3405,10534,28624564
"146","2018","UT",2876,1946,510,420,3155153
"147","2018","VA",5975,4232,810,915,8510920
"148","2018","VT",1291,1029,180,82,624802
"149","2018","WA",22304,7652,3990,10621,7526793
"150","2018","WI",4907,3139,1319,382,5809319
"151","2018","WV",1243,870,180,183,1805953
"152","2018","WY",639,269,171,199,579054
"153","2018","Total",552830,275705,80711,194467,326838199
"154","2017","AK",1845,1017,534,294,740983
"155","2017","AL",3793,1644,978,1137,4877989
"156","2017","AR",2467,915,358,1194,3003855
"157","2017","AZ",8947,3841,1904,3166,7048088
"158","2017","CA",131532,26854,15656,88896,39337785
"159","2017","CO",10940,4135,2921,3859,5617421
"160","2017","CT",3388,2249,723,416,3575324
"161","2017","DE",994,564,372,58,957942
"162","2017","FL",32190,10732,6266,15079,20977089
"163","2017","GA",10174,3821,2830,3523,10417031
"164","2017","HI",7220,1341,2054,3800,1425763
"165","2017","IA",2756,1373,1279,104,3143734
"166","2017","ID",2037,1003,395,639,1719745
"167","2017","IL",10798,4160,4306,2257,12779893
"168","2017","IN",5438,3368,1457,569,6662068
"169","2017","KS",2287,1277,659,345,2910892
"170","2017","KY",4025,2174,1122,727,4455590
"171","2017","LA",3305,1326,967,975,4673673
"172","2017","MA",17565,14301,2196,991,6863560
"173","2017","MD",7247,3557,1877,1736,6028186
"174","2017","ME",2280,993,1092,180,1335743
"175","2017","MI",9051,5656,2326,1023,9976752
"176","2017","MN",7668,3620,2940,1108,5569283
"177","2017","MO",6037,3133,1719,1152,6111382
"178","2017","MS",1472,421,332,719,2990674
"179","2017","MT",1529,748,237,544,1053862
"180","2017","NC",8962,4893,1618,2451,10275758
"181","2017","ND",1089,584,174,331,756755
"182","2017","NE",2501,1608,773,120,1916998
"183","2017","NH",1456,764,509,174,1350395
"184","2017","NJ",8536,5264,1836,1414,8888147
"185","2017","NM",2482,1254,432,796,2092844
"186","2017","NV",7833,2270,965,4578,2972097
"187","2017","NY",89503,79149,5724,4555,19593849
"188","2017","OH",10095,6759,1967,1309,11665706
"189","2017","OK",4199,2385,677,1115,3933602
"190","2017","OR",13953,3767,2212,7967,4147294
"191","2017","PA",14138,7524,4646,1798,12794679
"192","2017","RI",1180,807,304,69,1056554
"193","2017","SC",3916,1619,783,1501,5027102
"194","2017","SD",943,590,182,171,873732
"195","2017","TN",8309,3896,1642,2765,6714748
"196","2017","TX",23548,10545,4439,8493,28291024
"197","2017","UT",2852,2165,409,278,3103540
"198","2017","VA",6067,3861,1146,1008,8471011
"199","2017","VT",1225,843,245,134,625132
"200","2017","WA",21112,7448,5030,8591,7427951
"201","2017","WI",5027,3062,1543,340,5793147
"202","2017","WV",1309,920,190,188,1818683
"203","2017","WY",873,321,189,363,579994
"204","2017","Total",550996,262430,96974,190129,325122128
"205","2016","AK",1940,1007,491,442,742575
"206","2016","AL",4111,1601,1258,1218,4866824
"207","2016","AR",2463,1092,514,847,2991815
"208","2016","AZ",9707,3701,2722,3244,6944767
"209","2016","CA",118142,21766,17860,78390,39149186
"210","2016","CO",10550,4467,3098,2939,5543844
"211","2016","CT",3902,2370,859,673,3579830
"212","2016","DE",1070,621,398,51,949989
"213","2016","FL",33559,10526,7542,15361,20627237
"214","2016","GA",12909,3963,3580,5366,10308442
"215","2016","HI",7921,1226,2361,4308,1428885
"216","2016","IA",3064,1332,1589,143,3133210
"217","2016","ID",2247,832,677,738,1684036
"218","2016","IL",11590,4183,5459,1854,12821709
"219","2016","IN",5798,3164,1909,691,6637898
"220","2016","KS",2255,1080,881,282,2912977
"221","2016","KY",4237,2112,1419,706,4440306
"222","2016","LA",3994,1444,1366,1141,4681346
"223","2016","MA",19608,15714,3093,760,6827280
"224","2016","MD",7689,3647,2436,1528,6007014
"225","2016","ME",2241,1060,1049,120,1332348
"226","2016","MI",9316,5394,2905,960,9954117
"227","2016","MN",7341,3700,2752,889,5525360
"228","2016","MO",6194,3050,1890,1216,6091384
"229","2016","MS",1738,524,365,849,2990595
"230","2016","MT",1418,481,307,630,1042137
"231","2016","NC",9559,5215,2035,2309,10161802
"232","2016","ND",923,535,172,216,756114
"233","2016","NE",2754,1484,1169,101,1906483
"234","2016","NH",1366,653,562,143,1343694
"235","2016","NJ",8895,5514,1927,1434,8873584
"236","2016","NM",2263,1241,568,454,2092555
"237","2016","NV",7398,2328,1118,3927,2919555
"238","2016","NY",86352,75595,7003,3591,19636391
"239","2016","OH",10404,6530,2647,1138,11640060
"240","2016","OK",4107,2425,638,1020,3928143
"241","2016","OR",13238,3138,2090,8002,4093271
"242","2016","PA",15339,7784,5689,1675,12788468
"243","2016","RI",1160,822,301,37,1057816
"244","2016","SC",5051,1832,1517,1690,4963031
"245","2016","SD",1072,616,271,185,863693
"246","2016","TN",8779,3729,2037,3006,6651277
"247","2016","TX",23122,10448,5669,6908,27914064
"248","2016","UT",2807,1984,587,236,3044241
"249","2016","VA",6268,3900,1559,766,8417651
"250","2016","VT",1117,660,297,156,624366
"251","2016","WA",20827,6752,5567,8466,7299961
"252","2016","WI",5685,3044,2167,410,5775170
"253","2016","WV",1387,963,278,135,1832435
"254","2016","WY",857,297,194,366,585243
"255","2016","Total",549928,254306,117579,176357,323071755
"256","2015","AK",1956,1127,512,317,738430
"257","2015","AL",3970,1574,1349,1027,4854803
"258","2015","AR",2560,1161,515,882,2979732
"259","2015","AZ",9896,3395,3504,2957,6832810
"260","2015","CA",115738,22750,19128,73699,38904296
"261","2015","CO",9953,3782,3328,2819,5454328
"262","2015","CT",4047,2418,1003,626,3588561
"263","2015","DE",953,529,387,37,942065
"264","2015","FL",35900,9894,8865,17017,20219111
"265","2015","GA",13790,3984,4003,5803,10183353
"266","2015","HI",7620,1257,2494,3843,1422999
"267","2015","IA",3081,1225,1653,203,3122541
"268","2015","ID",1966,790,707,469,1652495
"269","2015","IL",13177,4684,5694,2714,12859585
"270","2015","IN",5863,3082,2150,583,6611442
"271","2015","KS",2588,1353,918,305,2910717
"272","2015","KY",4538,2281,1515,742,4429126
"273","2015","LA",4081,1306,1545,1191,4666998
"274","2015","MA",21135,17444,3052,593,6797484
"275","2015","MD",8390,3953,2543,1796,5988528
"276","2015","ME",2372,1085,1215,59,1329098
"277","2015","MI",10516,5393,3996,1072,9934483
"278","2015","MN",7546,3764,2941,841,5484002
"279","2015","MO",6482,3379,1973,1071,6075411
"280","2015","MS",1983,523,618,842,2990231
"281","2015","MT",1709,535,302,872,1031495
"282","2015","NC",10685,5672,2588,2425,10037218
"283","2015","ND",1305,640,179,486,755537
"284","2015","NE",2744,1493,1128,123,1892059
"285","2015","NH",1445,770,535,132,1337480
"286","2015","NJ",10098,6877,2225,974,8870312
"287","2015","NM",2629,1387,788,454,2090071
"288","2015","NV",8743,3251,1262,4215,2868531
"289","2015","NY",88250,75646,8400,4022,19657321
"290","2015","OH",11182,6942,3056,1099,11622315
"291","2015","OK",3777,2309,665,778,3910518
"292","2015","OR",13226,3214,2608,7395,4018542
"293","2015","PA",15421,7576,6155,1428,12789838
"294","2015","RI",1111,743,332,36,1056886
"295","2015","SC",5354,1639,1807,1896,4896006
"296","2015","SD",1036,642,258,136,854663
"297","2015","TN",9123,3540,2324,3244,6595354
"298","2015","TX",23678,10244,5829,7486,27468531
"299","2015","UT",3025,1912,865,226,2983626
"300","2015","VA",7001,4453,1688,811,8367303
"301","2015","VT",1523,1082,287,150,625810
"302","2015","WA",19419,6624,5630,7121,7167287
"303","2015","WI",6057,3112,2443,442,5762927
"304","2015","WV",1835,1020,370,432,1843332
"305","2015","WY",798,231,276,291,586389
"306","2015","Total",564708,259297,130282,173268,320738994
"307","2014","AK",1784,1139,500,145,737075
"308","2014","AL",4561,1851,1636,1043,4843737
"309","2014","AR",2936,1021,482,1433,2968759
"310","2014","AZ",10495,4291,3595,2569,6732873
"311","2014","CA",113952,20964,21365,71437,38586706
"312","2014","CO",10028,4002,4058,1945,5352637
"313","2014","CT",4450,2481,1050,919,3595697
"314","2014","DE",901,435,429,37,933131
"315","2014","FL",41542,10250,9469,21691,19853880
"316","2014","GA",16521,4441,3773,8307,10071204
"317","2014","HI",6918,1162,2626,3105,1415335
"318","2014","IA",3122,1387,1539,196,3110643
"319","2014","ID",2104,739,729,636,1632248
"320","2014","IL",13107,5031,6281,1698,12885092
"321","2014","IN",5971,3376,2170,403,6596019
"322","2014","KS",2783,1460,1064,249,2901861
"323","2014","KY",5089,2382,1865,831,4416992
"324","2014","LA",4606,1451,2030,1103,4645938
"325","2014","MA",21237,16835,3576,759,6764864
"326","2014","MD",7856,3703,2469,1589,5960064
"327","2014","ME",2726,1107,1515,93,1331217
"328","2014","MI",12227,5513,4522,2152,9932033
"329","2014","MN",8377,4414,3168,795,5452665
"330","2014","MO",7282,3521,2732,973,6059130
"331","2014","MS",2226,732,673,821,2991892
"332","2014","MT",1745,471,440,834,1022657
"333","2014","NC",11491,5631,3243,2617,9937295
"334","2014","ND",1258,639,155,464,738736
"335","2014","NE",3026,1584,1333,109,1879955
"336","2014","NH",1376,710,526,133,1334257
"337","2014","NJ",11671,7692,2989,935,8867277
"338","2014","NM",2746,1409,909,428,2090236
"339","2014","NV",8582,3582,1205,3785,2818935
"340","2014","NY",80590,66893,9405,4103,19653431
"341","2014","OH",11823,7043,3604,1103,11606573
"342","2014","OK",4191,2499,710,932,3879187
"343","2014","OR",12164,2767,3324,6063,3965447
"344","2014","PA",15333,7733,6294,1032,12792392
"345","2014","RI",1190,803,345,20,1056511
"346","2014","SC",5057,1782,1455,1808,4826858
"347","2014","SD",885,528,302,55,849670
"348","2014","TN",9415,4160,2206,3032,6544617
"349","2014","TX",28495,10601,7494,10267,26963092
"350","2014","UT",3081,1762,959,313,2938327
"351","2014","VA",7020,4281,1987,690,8315430
"352","2014","VT",1559,1031,359,163,625693
"353","2014","WA",18442,6202,6296,5902,7057531
"354","2014","WI",6055,3111,2541,343,5753199
"355","2014","WV",2013,1189,381,430,1850569
"356","2014","WY",757,268,295,194,583159
"357","2014","Total",576450,254327,144710,175399,318386329
"358","2013","AK",1946,1137,604,205,737626
"359","2013","AL",4689,1555,1660,1443,4831586
"360","2013","AR",3812,1037,627,2148,2960459
"361","2013","AZ",10562,3893,3500,3131,6634690
"362","2013","CA",118552,21928,23432,72998,38253768
"363","2013","CO",9754,4025,3543,2163,5270774
"364","2013","CT",4448,2390,1139,919,3595792
"365","2013","DE",946,516,410,10,924062
"366","2013","FL",47862,8755,10729,28192,19551678
"367","2013","GA",16971,4824,3686,8461,9975592
"368","2013","HI",6335,1226,2494,2590,1408822
"369","2013","IA",3084,1203,1747,134,3093935
"370","2013","ID",1781,745,659,377,1612053
"371","2013","IL",13425,5160,5980,2196,12895778
"372","2013","IN",6096,3087,2285,700,6570575
"373","2013","KS",2693,1329,1044,311,2894306
"374","2013","KY",5245,2439,2042,754,4406906
"375","2013","LA",5226,1389,2228,1575,4626040
"376","2013","MA",19029,13962,4158,850,6715158
"377","2013","MD",8205,3713,2471,1922,5925197
"378","2013","ME",3016,1090,1851,62,1328543
"379","2013","MI",11527,4927,4368,2188,9914802
"380","2013","MN",8214,4158,3131,915,5414722
"381","2013","MO",8581,3381,3069,2080,6042989
"382","2013","MS",2403,501,582,1320,2989839
"383","2013","MT",1878,706,388,784,1014158
"384","2013","NC",12168,5281,3732,3155,9846717
"385","2013","ND",2069,540,134,1395,723149
"386","2013","NE",3145,1532,1440,173,1865813
"387","2013","NH",1447,685,551,202,1327272
"388","2013","NJ",12002,7224,3360,1399,8857821
"389","2013","NM",2819,1495,896,428,2092833
"390","2013","NV",7039,2496,1182,3341,2776956
"391","2013","NY",77430,61742,11375,4157,19626488
"392","2013","OH",12325,6336,4555,1338,11579692
"393","2013","OK",4408,2301,915,1146,3853891
"394","2013","OR",13822,2800,3619,7390,3924110
"395","2013","PA",15086,6943,6555,1359,12779538
"396","2013","RI",1384,850,400,117,1055560
"397","2013","SC",6544,1677,1722,3133,4766469
"398","2013","SD",1094,433,322,339,842751
"399","2013","TN",9528,3421,2881,3207,6496943
"400","2013","TX",29615,9935,7456,12090,26479646
"401","2013","UT",3277,1773,1037,418,2898773
"402","2013","VA",7625,4285,2260,1022,8255861
"403","2013","VT",1454,959,307,184,626603
"404","2013","WA",17760,5969,6684,5053,6966252
"405","2013","WI",6104,3036,2638,368,5738012
"406","2013","WV",2240,1100,501,628,1854768
"407","2013","WY",953,292,209,452,582620
"408","2013","Total",590364,236658,156015,195666,316059947
"409","2012","AK",1913,1139,577,197,730810
"410","2012","AL",5209,1663,1969,1545,4816632
"411","2012","AR",4214,886,716,2612,2952876
"412","2012","AZ",11302,4291,3884,3087,6556344
"413","2012","CA",120098,22200,23530,74208,37944551
"414","2012","CO",16768,3502,3733,9508,5193660
"415","2012","CT",4209,2271,1243,695,3595211
"416","2012","DE",1008,527,449,22,915518
"417","2012","FL",55170,9388,10289,35338,19302016
"418","2012","GA",20516,4291,4007,12196,9903580
"419","2012","HI",6246,1141,2560,2520,1395199
"420","2012","IA",2928,1164,1616,148,3076844
"421","2012","ID",1968,770,712,486,1595910
"422","2012","IL",14144,4828,6229,2995,12883029
"423","2012","IN",6259,2934,2411,889,6538989
"424","2012","KS",2684,1317,1016,334,2886024
"425","2012","KY",5230,2132,2177,911,4387865
"426","2012","LA",7772,1375,2397,3965,4602067
"427","2012","MA",17501,12652,4074,722,6664269
"428","2012","MD",9454,3399,2451,3512,5888375
"429","2012","ME",2393,975,1373,33,1328094
"430","2012","MI",12592,5221,5015,2322,9898289
"431","2012","MN",7744,3684,3060,990,5377500
"432","2012","MO",10237,4683,3157,2344,6026027
"433","2012","MS",2413,486,556,1371,2984599
"434","2012","MT",1833,716,437,680,1004168
"435","2012","NC",13524,4641,4155,4715,9751810
"436","2012","ND",688,474,161,53,702227
"437","2012","NE",3789,1581,1376,832,1853691
"438","2012","NH",1496,769,555,167,1324677
"439","2012","NJ",13025,8130,3280,1596,8845671
"440","2012","NM",3245,1380,1017,848,2087715
"441","2012","NV",8497,2503,1442,4527,2744670
"442","2012","NY",69566,53018,12302,4084,19574362
"443","2012","OH",13977,6277,5874,1731,11550971
"444","2012","OK",5032,2098,887,1989,3819320
"445","2012","OR",15828,2600,3926,9283,3900102
"446","2012","PA",14736,6946,6512,1076,12769123
"447","2012","RI",1277,805,426,28,1054893
"448","2012","SC",4915,1460,1304,2139,4719027
"449","2012","SD",859,514,281,64,833859
"450","2012","TN",9426,2863,2895,3648,6455752
"451","2012","TX",34052,10055,7302,16551,26084120
"452","2012","UT",3527,1725,1280,475,2854146
"453","2012","VA",8424,4170,2774,1429,8187456
"454","2012","VT",1160,562,369,223,626361
"455","2012","WA",20504,6053,8919,5477,6898599
"456","2012","WI",6027,2868,2517,581,5720825
"457","2012","WV",2410,1014,505,877,1857446
"458","2012","WY",1813,231,244,1338,576656
"459","2012","Total",621553,224599,163565,231398,313877662
"460","2011","AK",2128,1035,725,368,722349
"461","2011","AL",5558,1615,2100,1809,4799642
"462","2011","AR",3424,1018,784,1622,2941038
"463","2011","AZ",10504,3571,3691,3202,6473416
"464","2011","CA",125128,26282,24220,74437,37636311
"465","2011","CO",15116,2979,3142,8970,5121900
"466","2011","CT",4456,2358,1403,695,3588632
"467","2011","DE",1035,549,454,22,907590
"468","2011","FL",56687,9641,11032,35863,19055607
"469","2011","GA",20975,4483,4240,12252,9803630
"470","2011","HI",6188,1076,2531,2556,1379562
"471","2011","IA",3134,1179,1834,121,3066772
"472","2011","ID",2199,797,788,614,1584272
"473","2011","IL",14009,4957,6040,2920,12867783
"474","2011","IN",6196,2734,2795,646,6517250
"475","2011","KS",2511,1348,860,289,2869677
"476","2011","KY",6034,2496,2675,851,4370817
"477","2011","LA",9291,1223,2133,5886,4576244
"478","2011","MA",16664,11589,4333,703,6614218
"479","2011","MD",10208,3606,2831,3712,5840241
"480","2011","ME",2447,904,1499,29,1328473
"481","2011","MI",13185,5412,5416,2321,9883053
"482","2011","MN",7495,3504,3049,928,5346620
"483","2011","MO",8989,3523,3147,2271,6011182
"484","2011","MS",2306,429,625,1250,2979147
"485","2011","MT",1768,708,508,552,997518
"486","2011","NC",12896,5175,4070,3651,9658913
"487","2011","ND",603,415,145,43,685526
"488","2011","NE",3548,1623,1418,507,1840914
"489","2011","NH",1469,582,569,310,1320444
"490","2011","NJ",14137,8110,4700,1307,8828552
"491","2011","NM",3601,1693,1060,848,2080707
"492","2011","NV",9150,1436,3084,4605,2713114
"493","2011","NY",63445,49471,10179,3667,19499921
"494","2011","OH",13030,5997,5134,1806,11545735
"495","2011","OK",4625,2062,867,1637,3788824
"496","2011","OR",17254,2555,4418,10242,3872672
"497","2011","PA",15096,7387,6484,1060,12747052
"498","2011","RI",1070,680,338,31,1053829
"499","2011","SC",5093,1554,1388,2139,4672655
"500","2011","SD",826,371,391,64,823740
"501","2011","TN",9113,3007,2888,3198,6400298
"502","2011","TX",36911,10027,8788,17939,25645504
"503","2011","UT",3130,1506,1133,443,2814797
"504","2011","VA",8816,4395,2928,1430,8102437
"505","2011","VT",1144,579,438,123,627197
"506","2011","WA",20439,6047,8976,5364,6827479
"507","2011","WI",5785,2644,2650,430,5705840
"508","2011","WV",2211,923,471,806,1856606
"509","2011","WY",1038,127,68,843,567491
"510","2011","Total",623788,221457,168961,231472,311583481
"511","2010","AK",1863,1013,658,192,713982
"512","2010","AL",6046,1428,2463,2155,4785514
"513","2010","AR",2762,668,1060,1034,2921998
"514","2010","AZ",13711,3503,3671,6497,6407342
"515","2010","CA",123480,23701,27115,72581,37319550
"516","2010","CO",15482,4895,4136,6451,5047539
"517","2010","CT",4316,2314,1503,499,3579173
"518","2010","DE",982,481,439,52,899647
"519","2010","FL",57551,10242,11478,35734,18846143
"520","2010","GA",19836,4303,4443,11090,9712209
"521","2010","HI",5834,994,2516,2299,1364004
"522","2010","IA",3014,1062,1841,111,3050819
"523","2010","ID",2346,796,768,782,1570819
"524","2010","IL",14395,4981,7172,2187,12840545
"525","2010","IN",6452,2707,2526,1219,6490555
"526","2010","KS",2024,1179,649,196,2858266
"527","2010","KY",6623,2740,2847,1024,4348464
"528","2010","LA",12482,1617,2479,8386,4544635
"529","2010","MA",16646,11451,4109,1051,6566440
"530","2010","MD",10845,3511,2947,4330,5788784
"531","2010","ME",2379,854,1497,28,1327651
"532","2010","MI",13058,5186,5001,2839,9877597
"533","2010","MN",7869,3360,3360,1139,5310934
"534","2010","MO",8122,3363,2930,1786,5996089
"535","2010","MS",2743,578,603,1562,2970615
"536","2010","MT",1615,674,494,447,990730
"537","2010","NC",12191,4979,4194,3018,9574586
"538","2010","ND",799,461,307,31,674752
"539","2010","NE",3877,1765,1590,522,1829591
"540","2010","NH",1574,729,600,237,1316807
"541","2010","NJ",13737,7878,4205,1654,8799451
"542","2010","NM",3475,985,1123,1367,2064614
"543","2010","NV",11205,1381,6467,3357,2702483
"544","2010","NY",65606,50469,10856,4139,19399956
"545","2010","OH",12569,6190,4452,1840,11539449
"546","2010","OK",5229,2350,920,1914,3760014
"547","2010","OR",19492,2446,4746,12261,3837614
"548","2010","PA",14516,6878,6381,1098,12711406
"549","2010","RI",1282,761,428,76,1053994
"550","2010","SC",4473,1577,1459,1437,4635846
"551","2010","SD",731,371,296,64,816193
"552","2010","TN",10276,4372,2605,3277,6355518
"553","2010","TX",35121,10577,8497,15930,25241897
"554","2010","UT",3284,1448,1225,562,2775413
"555","2010","VA",9080,4510,2875,1641,8024004
"556","2010","VT",1220,611,461,142,625886
"557","2010","WA",22878,6043,10391,6389,6743009
"558","2010","WI",6333,2680,2560,1080,5690538
"559","2010","WV",2264,908,606,740,1854265
"560","2010","WY",579,264,251,64,564531
"561","2010","Total",637077,222455,179743,233534,309327143
"562","2009","AK",1992,1009,656,327,713982
"563","2009","AL",6080,1419,2494,2167,4785514
"564","2009","AR",2852,652,1078,1122,2921998
"565","2009","AZ",14721,4020,4346,6355,6407342
"566","2009","CA",123678,23081,27696,72901,37319550
"567","2009","CO",15268,4895,4136,6237,5047539
"568","2009","CT",4605,2542,1561,502,3579173
"569","2009","DE",1130,583,500,47,899647
"570","2009","FL",55599,10491,11376,33732,18846143
"571","2009","GA",20360,4819,4600,10941,9712209
"572","2009","HI",5782,1050,2218,2514,1364004
"573","2009","IA",3380,1180,2041,159,3050819
"574","2009","ID",1939,631,846,462,1570819
"575","2009","IL",14055,5066,6785,2204,12840545
"576","2009","IN",6984,3249,1957,1778,6490555
"577","2009","KS",1892,1116,580,196,2858266
"578","2009","KY",5999,2645,2654,700,4348464
"579","2009","LA",12504,1618,2500,8386,4544635
"580","2009","MA",15482,9359,5117,1006,6566440
"581","2009","MD",11698,4205,3241,4252,5788784
"582","2009","ME",2444,843,1563,38,1327651
"583","2009","MI",14005,5725,5573,2707,9877597
"584","2009","MN",7718,3479,3293,946,5310934
"585","2009","MO",6959,2894,2575,1490,5996089
"586","2009","MS",2797,524,697,1576,2970615
"587","2009","MT",1196,404,429,363,990730
"588","2009","NC",12918,4873,3600,4445,9574586
"589","2009","ND",773,487,278,8,674752
"590","2009","NE",3718,1593,1486,639,1829591
"591","2009","NH",1645,892,514,239,1316807
"592","2009","NJ",13169,7602,4269,1298,8799451
"593","2009","NM",3475,985,1123,1367,2064614
"594","2009","NV",11089,1311,6481,3297,2702483
"595","2009","NY",61067,46894,10560,3613,19399956
"596","2009","OH",12700,6222,4707,1771,11539449
"597","2009","OK",4838,2316,991,1531,3760014
"598","2009","OR",17309,2715,4727,9867,3837614
"599","2009","PA",15096,6954,6865,1277,12711406
"600","2009","RI",1607,819,737,51,1053994
"601","2009","SC",4473,1577,1459,1437,4635846
"602","2009","SD",731,371,296,64,816193
"603","2009","TN",10532,4468,2665,3399,6355518
"604","2009","TX",36761,12672,8986,15103,25241897
"605","2009","UT",3795,2080,1460,255,2775413
"606","2009","VA",8852,4095,3189,1568,8024004
"607","2009","VT",1214,595,462,157,625886
"608","2009","WA",22782,6714,9523,6545,6743009
"609","2009","WI",6525,2789,2676,1060,5690538
"610","2009","WV",1667,793,485,389,1854265
"611","2009","WY",515,185,266,64,564531
"612","2009","Total",630227,221474,181834,226919,309327143
"613","2008","AK",1646,847,605,194,713982
"614","2008","AL",5387,1534,2309,1544,4785514
"615","2008","AR",3255,1048,972,1235,2921998
"616","2008","AZ",12488,3104,3866,5518,6407342
"617","2008","CA",136531,22917,24048,89566,37319550
"618","2008","CO",14747,3492,3385,7870,5047539
"619","2008","CT",4627,2409,1611,607,3579173
"620","2008","DE",933,446,416,71,899647
"621","2008","FL",50158,9769,10955,29434,18846143
"622","2008","GA",19095,4420,4445,10230,9712209
"623","2008","HI",6061,1114,1589,3358,1364004
"624","2008","IA",3346,1018,2069,259,3050819
"625","2008","ID",1464,630,620,214,1570819
"626","2008","IL",14724,5660,5820,3244,12840545
"627","2008","IN",7395,3127,2796,1472,6490555
"628","2008","KS",1738,922,578,238,2858266
"629","2008","KY",8137,2725,3470,1942,4348464
"630","2008","LA",5481,1408,2292,1781,4544635
"631","2008","MA",14506,8471,4966,1069,6566440
"632","2008","MD",9219,3187,2867,3165,5788784
"633","2008","ME",2632,758,1830,44,1327651
"634","2008","MI",28248,7463,4318,16467,9877597
"635","2008","MN",7644,3101,3169,1374,5310934
"636","2008","MO",7687,3157,2450,2080,5996089
"637","2008","MS",1961,416,790,755,2970615
"638","2008","MT",1417,578,429,410,990730
"639","2008","NC",12411,4863,3162,4386,9574586
"640","2008","ND",615,394,202,19,674752
"641","2008","NE",3985,1444,1783,758,1829591
"642","2008","NH",2019,896,639,484,1316807
"643","2008","NJ",13832,7392,4468,1972,8799451
"644","2008","NM",3015,958,790,1267,2064614
"645","2008","NV",8726,1525,3338,3863,2702483
"646","2008","NY",61125,44619,11897,4609,19399956
"647","2008","OH",12912,6113,4264,2535,11539449
"648","2008","OK",3846,1933,870,1043,3760014
"649","2008","OR",20653,4667,5279,10707,3837614
"650","2008","PA",15378,6336,7743,1299,12711406
"651","2008","RI",1196,734,408,54,1053994
"652","2008","SC",5660,1680,1406,2574,4635846
"653","2008","SD",579,269,269,41,816193
"654","2008","TN",9705,2975,2685,4045,6355518
"655","2008","TX",40190,14876,9204,16110,25241897
"656","2008","UT",3434,1730,1448,256,2775413
"657","2008","VA",8469,3914,2981,1574,8024004
"658","2008","VT",954,311,385,258,625886
"659","2008","WA",21954,6319,9137,6498,6743009
"660","2008","WI",5449,2406,2528,515,5690538
"661","2008","WV",2016,952,470,594,1854265
"662","2008","WY",751,395,224,132,564531
"663","2008","Total",639784,215276,171085,253423,309327143
"664","2007","AK",1642,898,489,255,713982
"665","2007","AL",5452,1452,2344,1656,4785514
"666","2007","AR",3836,1251,1034,1551,2921998
"667","2007","AZ",14646,3934,4684,6028,6407342
"668","2007","CA",138986,23920,24591,90475,37319550
"669","2007","CO",14225,3630,3341,7254,5047539
"670","2007","CT",4482,2262,1409,811,3579173
"671","2007","DE",1061,439,415,207,899647
"672","2007","FL",48069,8988,11541,27540,18846143
"673","2007","GA",19639,4267,4074,11298,9712209
"674","2007","HI",6070,1039,1673,3358,1364004
"675","2007","IA",2734,852,1589,293,3050819
"676","2007","ID",1749,586,539,624,1570819
"677","2007","IL",15487,5913,6258,3316,12840545
"678","2007","IN",7358,2871,3225,1262,6490555
"679","2007","KS",2111,1172,657,282,2858266
"680","2007","KY",8061,2666,3274,2121,4348464
"681","2007","LA",5494,1388,2529,1577,4544635
"682","2007","MA",15127,7311,6402,1414,6566440
"683","2007","MD",9628,3564,2854,3210,5788784
"684","2007","ME",2638,664,1912,62,1327651
"685","2007","MI",28295,7325,4227,16743,9877597
"686","2007","MN",7323,2899,2979,1445,5310934
"687","2007","MO",6247,2969,2168,1110,5996089
"688","2007","MS",1377,303,548,526,2970615
"689","2007","MT",1150,502,353,295,990730
"690","2007","NC",11802,4745,3134,3923,9574586
"691","2007","ND",636,405,172,59,674752
"692","2007","NE",3531,1798,1209,524,1829591
"693","2007","NH",2248,725,548,975,1316807
"694","2007","NJ",17314,10095,4741,2478,8799451
"695","2007","NM",3015,958,790,1267,2064614
"696","2007","NV",8642,1528,3290,3824,2702483
"697","2007","NY",62601,44686,12595,5320,19399956
"698","2007","OH",11264,5695,3685,1884,11539449
"699","2007","OK",4221,2154,935,1132,3760014
"700","2007","OR",17590,3462,4867,9261,3837614
"701","2007","PA",16220,6445,8296,1479,12711406
"702","2007","RI",1372,688,635,49,1053994
"703","2007","SC",5660,1680,1406,2574,4635846
"704","2007","SD",579,269,269,41,816193
"705","2007","TN",11210,3587,2859,4764,6355518
"706","2007","TX",39788,13840,9042,16906,25241897
"707","2007","UT",3011,1551,1147,313,2775413
"708","2007","VA",9746,4323,3244,2179,8024004
"709","2007","VT",1035,340,380,315,625886
"710","2007","WA",23379,6450,10407,6522,6743009
"711","2007","WI",5648,2366,2719,563,5690538
"712","2007","WV",2409,1677,470,262,1854265
"713","2007","WY",537,272,125,140,564531
"714","2007","Total",647258,216659,174742,255857,309327143
